#wavelength,flux
       9.090000,     0.000000
       9.350000,     0.000000
       9.610000,     0.000000
       9.770000,     0.000000
       9.960000,     0.000000
       10.20000,     0.000000
       10.38000,     0.000000
       10.56000,     0.000000
       10.77000,     0.000000
       11.04000,     0.000000
       11.40000,     0.000000
       11.78000,     0.000000
       12.13000,     0.000000
       12.48000,     0.000000
       12.71000,     0.000000
       12.84000,     0.000000
       13.05000,     0.000000
       13.24000,     0.000000
       13.39000,     0.000000
       13.66000,     0.000000
       13.98000,     0.000000
       14.33000,     0.000000
       14.72000,     0.000000
       15.10000,     0.000000
       15.52000,     0.000000
       15.88000,     0.000000
       16.20000,     0.000000
       16.60000,     0.000000
       17.03000,     0.000000
       17.34000,     0.000000
       17.68000,     0.000000
       18.02000,     0.000000
       18.17000,     0.000000
       18.61000,     0.000000
       19.10000,     0.000000
       19.39000,     0.000000
       19.84000,     0.000000
       20.18000,     0.000000
       20.50000,     0.000000
       21.05000,     0.000000
       21.62000,     0.000000
       21.98000,     0.000000
       22.30000,     0.000000
       22.68000,     0.000000
       23.00000,     0.000000
       23.40000,     0.000000
       24.00000,     0.000000
       24.65000,     0.000000
       25.24000,     0.000000
       25.68000,     0.000000
       26.00000,     0.000000
       26.40000,     0.000000
       26.85000,     0.000000
       27.35000,     0.000000
       27.85000,     0.000000
       28.40000,     0.000000
       29.00000,     0.000000
       29.60000,     0.000000
       30.10000,     0.000000
       30.80000,     0.000000
       31.80000,     0.000000
       32.80000,     0.000000
       33.80000,     0.000000
       34.80000,     0.000000
       35.70000,     0.000000
       36.60000,     0.000000
       37.50000,     0.000000
       38.50000,     0.000000
       39.50000,     0.000000
       40.50000,     0.000000
       41.40000,     0.000000
       42.20000,     0.000000
       43.00000,     0.000000
       44.10000,     0.000000
       45.10000,     0.000000
       46.00000,     0.000000
       47.00000,     0.000000
       48.00000,     0.000000
       49.00000,     0.000000
       50.00000,     0.000000
       50.60000, 3.572873e-36
       51.20000, 6.463726e-36
       52.00000, 1.251380e-35
       53.00000, 2.817974e-35
       54.00000, 6.058150e-35
       55.00000, 1.265365e-34
       56.00000, 2.571831e-34
       57.00000, 5.093859e-34
       58.00000, 9.844921e-34
       59.00000, 1.859199e-33
       60.00000, 3.434418e-33
       61.00000, 6.212844e-33
       62.00000, 1.101736e-32
       63.00000, 1.917005e-32
       64.00000, 3.275995e-32
       65.00000, 5.502698e-32
       65.80000, 8.234274e-32
       66.50000, 1.161873e-31
       67.50000, 1.875826e-31
       68.50000, 2.984322e-31
       69.50000, 4.682068e-31
       70.50000, 3.993988e-32
       71.60000, 6.001820e-32
       72.60000, 8.576138e-32
       73.50000, 1.171818e-31
       74.50000, 1.640872e-31
       75.50000, 2.275108e-31
       76.50000, 3.124564e-31
       77.50000, 4.250930e-31
       78.50000, 5.733224e-31
       79.50000, 7.620004e-31
       80.50000, 1.014483e-30
       81.50000, 1.336302e-30
       82.50000, 1.744752e-30
       83.50000, 2.259647e-30
       84.50000, 2.910821e-30
       85.50000, 3.721040e-30
       86.50000, 4.725345e-30
       87.50000, 5.955435e-30
       88.50000, 7.478520e-30
       89.50000, 9.325909e-30
       90.50000, 1.152472e-29
       91.50000, 2.705236e-27
       92.50000, 1.681507e-26
       93.50000, 2.903362e-26
       94.50000, 4.981199e-26
       95.50000, 7.393131e-26
       96.50000, 9.962243e-26
       97.50000, 8.757170e-26
       98.50000, 1.493793e-25
       99.50000, 1.696736e-25
       100.5000, 2.182572e-25
       101.5000, 2.527855e-25
       102.5000, 1.729835e-25
       103.5000, 3.385080e-25
       104.5000, 4.257301e-25
       105.5000, 4.980267e-25
       106.5000, 5.554755e-25
       107.5000, 6.633959e-25
       108.5000, 7.575096e-25
       109.5000, 8.337610e-25
       110.5000, 2.819605e-23
       111.5000, 8.688797e-23
       112.5000, 1.110827e-22
       113.5000, 1.216649e-22
       114.5000, 9.483633e-23
       115.5000, 7.945242e-23
       116.5000, 5.501999e-23
       117.5000, 2.134478e-23
       118.5000, 7.146600e-24
       119.5000, 3.170405e-24
       120.5000, 2.691562e-24
       121.5000, 7.851229e-25
       122.5000, 3.046168e-24
       123.5000, 6.317501e-24
       124.5000, 1.784999e-23
       125.5000, 9.172070e-23
       126.5000, 1.736905e-22
       127.5000, 6.347802e-22
       128.5000, 1.188523e-21
       129.5000, 1.510420e-21
       130.5000, 1.218902e-21
       131.5000, 2.085218e-21
       132.5000, 2.455053e-21
       133.5000, 2.455287e-21
       134.5000, 3.155254e-21
       135.5000, 3.051296e-21
       136.5000, 2.883317e-21
       137.5000, 3.333645e-21
       138.5000, 3.363170e-21
       139.5000, 3.758412e-21
       140.5000, 3.817461e-21
       141.5000, 3.554070e-21
       142.5000, 3.913727e-21
       143.5000, 3.615140e-21
       144.2000, 4.107424e-21
       144.7000, 4.519372e-21
       145.5000, 4.559773e-21
       146.5000, 4.148060e-21
       147.5000, 4.098800e-21
       148.5000, 4.408964e-21
       149.5000, 4.773827e-21
       150.5000, 4.960376e-21
       151.2000, 4.600953e-21
       151.7000, 4.967136e-21
       152.5000, 4.445793e-21
       153.5000, 4.098490e-21
       154.5000, 5.002721e-21
       155.5000, 4.622708e-21
       156.5000, 4.301666e-21
       157.5000, 4.856885e-21
       158.5000, 5.239851e-21
       159.5000, 5.671921e-21
       160.5000, 5.384288e-21
       161.5000, 5.341866e-21
       162.5000, 4.877241e-21
       163.5000, 5.300920e-21
       164.5000, 5.606423e-21
       165.5000, 4.545011e-21
       166.5000, 5.663763e-21
       167.2000, 4.269111e-21
       167.7000, 5.390582e-21
       168.5000, 5.980687e-21
       169.5000, 5.538516e-21
       170.5000, 5.418786e-21
       171.5000, 5.571382e-21
       172.5000, 5.540924e-21
       173.5000, 5.907419e-21
       174.5000, 5.803383e-21
       175.5000, 6.362021e-21
       176.5000, 5.568818e-21
       177.5000, 6.228849e-21
       178.5000, 6.218282e-21
       179.5000, 6.791216e-21
       180.5000, 6.604744e-21
       181.5000, 6.553077e-21
       182.5000, 6.388515e-21
       183.5000, 6.286501e-21
       184.5000, 5.866628e-21
       185.5000, 6.234832e-21
       186.5000, 6.333040e-21
       187.5000, 6.618186e-21
       188.5000, 6.643904e-21
       189.5000, 6.684383e-21
       190.5000, 6.447643e-21
       191.5000, 6.742501e-21
       192.5000, 6.851121e-21
       193.5000, 6.690522e-21
       194.5000, 7.143336e-21
       195.5000, 7.116376e-21
       196.7000, 7.357080e-21
       197.6000, 7.260348e-21
       198.4000, 7.153670e-21
       199.5000, 7.024150e-21
       200.5000, 6.968442e-21
       201.5000, 6.840166e-21
       202.5000, 6.825869e-21
       203.5000, 7.093922e-21
       204.5000, 7.386216e-21
       205.5000, 7.167812e-21
       206.5000, 7.122281e-21
       207.4000, 7.471216e-21
       207.8000, 7.641061e-21
       208.5000, 7.612391e-21
       209.5000, 7.408982e-21
       210.5000, 7.291815e-21
       211.5000, 7.366015e-21
       212.5000, 7.521719e-21
       213.5000, 6.677469e-21
       214.5000, 7.379845e-21
       215.5000, 7.466321e-21
       216.5000, 7.183662e-21
       217.5000, 7.157322e-21
       218.5000, 7.241234e-21
       219.5000, 7.722797e-21
       220.5000, 7.462204e-21
       221.5000, 7.005892e-21
       222.5000, 6.974347e-21
       223.5000, 7.720077e-21
       224.5000, 7.097652e-21
       225.5000, 7.033785e-21
       226.5000, 7.056084e-21
       227.5000, 7.518533e-21
       228.5000, 7.785964e-21
       229.5000, 7.387071e-21
       230.5000, 7.421646e-21
       231.5000, 7.272780e-21
       232.5000, 6.133982e-21
       233.5000, 7.125545e-21
       234.5000, 6.626966e-21
       235.5000, 7.467798e-21
       236.5000, 6.789818e-21
       237.5000, 7.217382e-21
       238.5000, 6.455645e-21
       239.5000, 7.076673e-21
       240.5000, 6.827500e-21
       241.5000, 7.016925e-21
       242.5000, 7.473158e-21
       243.5000, 7.185060e-21
       244.5000, 7.707724e-21
       245.5000, 7.470128e-21
       246.5000, 7.508743e-21
       247.5000, 7.256930e-21
       248.5000, 7.663748e-21
       249.5000, 7.476888e-21
       250.5000, 8.224949e-21
       251.3000, 7.556682e-21
       251.8000, 7.628163e-21
       252.5000, 7.227949e-21
       253.5000, 7.173717e-21
       254.5000, 7.257629e-21
       255.5000, 7.823259e-21
       256.5000, 7.845014e-21
       257.5000, 8.360141e-21
       258.5000, 8.420745e-21
       259.5000, 8.348487e-21
       260.5000, 8.087427e-21
       261.5000, 8.085873e-21
       262.5000, 8.555936e-21
       263.5000, 8.604885e-21
       264.5000, 9.426915e-21
       265.5000, 9.374857e-21
       266.5000, 8.904794e-21
       267.5000, 9.223350e-21
       268.5000, 9.307262e-21
       269.5000, 8.974721e-21
       270.5000, 9.182170e-21
       271.5000, 8.873715e-21
       272.5000, 8.968505e-21
       273.5000, 9.567545e-21
       274.5000, 8.477463e-21
       275.5000, 8.622755e-21
       276.5000, 9.015900e-21
       277.5000, 9.461101e-21
       278.5000, 9.262197e-21
       279.5000, 6.654859e-21
       280.5000, 7.530032e-21
       281.5000, 9.844144e-21
       282.5000, 9.989436e-21
       283.5000, 9.769556e-21
       284.5000, 9.551228e-21
       285.5000, 9.434684e-21
       286.5000, 9.910186e-21
       287.5000, 9.761786e-21
       288.5000, 1.001197e-20
       289.5000, 9.839483e-21
       291.0000, 1.062266e-20
       293.0000, 1.040589e-20
       295.0000, 1.049524e-20
       297.0000, 1.064286e-20
       299.0000, 1.082001e-20
       301.0000, 1.108418e-20
       303.0000, 1.111681e-20
       305.0000, 1.118286e-20
       307.0000, 1.119995e-20
       309.0000, 1.141983e-20
       311.0000, 1.135301e-20
       313.0000, 1.144547e-20
       315.0000, 1.161407e-20
       317.0000, 1.166302e-20
       319.0000, 1.145557e-20
       321.0000, 1.176946e-20
       323.0000, 1.171896e-20
       325.0000, 1.190310e-20
       327.0000, 1.208413e-20
       329.0000, 1.223331e-20
       331.0000, 1.237161e-20
       333.0000, 1.233276e-20
       335.0000, 1.230402e-20
       337.0000, 1.243843e-20
       339.0000, 1.243765e-20
       341.0000, 1.269405e-20
       343.0000, 1.275854e-20
       345.0000, 1.283080e-20
       347.0000, 1.283391e-20
       349.0000, 1.292015e-20
       351.0000, 1.310196e-20
       353.0000, 1.322006e-20
       355.0000, 1.331251e-20
       357.0000, 1.328221e-20
       359.0000, 1.335680e-20
       361.0000, 1.342207e-20
       363.0000, 1.351608e-20
       364.0000, 1.353861e-20
       365.0000, 1.379424e-20
       367.0000, 1.343450e-20
       369.0000, 1.248039e-20
       371.0000, 1.412988e-20
       373.0000, 1.495269e-20
       375.0000, 1.919414e-20
       377.0000, 2.036036e-20
       379.0000, 2.575561e-20
       381.0000, 3.089134e-20
       383.0000, 2.435862e-20
       385.0000, 3.506753e-20
       387.0000, 4.051095e-20
       389.0000, 2.152426e-20
       391.0000, 4.107036e-20
       393.0000, 4.124129e-20
       395.0000, 4.152644e-20
       397.0000, 2.130204e-20
       399.0000, 4.033069e-20
       401.0000, 4.570185e-20
       403.0000, 4.607867e-20
       405.0000, 4.590852e-20
       407.0000, 4.393192e-20
       409.0000, 3.343823e-20
       411.0000, 2.535858e-20
       413.0000, 4.252251e-20
       415.0000, 4.498549e-20
       417.0000, 4.512068e-20
       419.0000, 4.501734e-20
       421.0000, 4.487516e-20
       423.0000, 4.443384e-20
       425.0000, 4.433284e-20
       427.0000, 4.380994e-20
       429.0000, 4.365843e-20
       431.0000, 4.137416e-20
       433.0000, 3.032027e-20
       435.0000, 2.586050e-20
       437.0000, 4.096625e-20
       439.0000, 4.241218e-20
       441.0000, 4.272063e-20
       443.0000, 4.282319e-20
       445.0000, 4.297781e-20
       447.0000, 4.277891e-20
       449.0000, 4.220007e-20
       451.0000, 4.235546e-20
       453.0000, 4.215578e-20
       455.0000, 4.161424e-20
       457.0000, 4.196387e-20
       459.0000, 4.163910e-20
       461.0000, 4.186287e-20
       463.0000, 4.137182e-20
       465.0000, 4.151090e-20
       467.0000, 4.131511e-20
       469.0000, 4.089088e-20
       471.0000, 4.010148e-20
       473.0000, 4.077278e-20
       475.0000, 4.058864e-20
       477.0000, 4.035711e-20
       479.0000, 4.006031e-20
       481.0000, 3.945738e-20
       483.0000, 3.776438e-20
       485.0000, 2.883783e-20
       487.0000, 2.339441e-20
       489.0000, 3.635263e-20
       491.0000, 3.854989e-20
       493.0000, 3.863458e-20
       495.0000, 3.887155e-20
       497.0000, 3.890729e-20
       499.0000, 3.871616e-20
       501.0000, 3.827951e-20
       503.0000, 3.842712e-20
       505.0000, 3.811090e-20
       507.0000, 3.821191e-20
       509.0000, 3.807205e-20
       511.0000, 3.791744e-20
       513.0000, 3.776127e-20
       515.0000, 3.755848e-20
       517.0000, 3.703714e-20
       519.0000, 3.697420e-20
       521.0000, 3.714669e-20
       523.0000, 3.681026e-20
       525.0000, 3.692681e-20
       527.0000, 3.646374e-20
       529.0000, 3.664554e-20
       531.0000, 3.634408e-20
       533.0000, 3.623375e-20
       535.0000, 3.626717e-20
       537.0000, 3.605816e-20
       539.0000, 3.595949e-20
       541.0000, 3.574893e-20
       543.0000, 3.566968e-20
       545.0000, 3.559276e-20
       547.0000, 3.546456e-20
       549.0000, 3.535035e-20
       551.0000, 3.522836e-20
       553.0000, 3.505821e-20
       555.0000, 3.498207e-20
       557.0000, 3.483211e-20
       559.0000, 3.472800e-20
       561.0000, 3.461922e-20
       563.0000, 3.449724e-20
       565.0000, 3.436282e-20
       567.0000, 3.423152e-20
       569.0000, 3.412585e-20
       571.0000, 3.400542e-20
       573.0000, 3.389898e-20
       575.0000, 3.376223e-20
       577.0000, 3.365034e-20
       579.0000, 3.352137e-20
       581.0000, 3.340949e-20
       583.0000, 3.329527e-20
       585.0000, 3.317950e-20
       587.0000, 3.302100e-20
       589.0000, 3.277160e-20
       591.0000, 3.282521e-20
       593.0000, 3.271566e-20
       595.0000, 3.257736e-20
       597.0000, 3.247791e-20
       599.0000, 3.233261e-20
       601.0000, 3.223783e-20
       603.0000, 3.214303e-20
       605.0000, 3.202882e-20
       607.0000, 3.192781e-20
       609.0000, 3.181516e-20
       611.0000, 3.170327e-20
       613.0000, 3.158207e-20
       615.0000, 3.131324e-20
       617.0000, 3.136296e-20
       619.0000, 3.127750e-20
       621.0000, 3.117028e-20
       623.0000, 3.105528e-20
       625.0000, 3.084162e-20
       627.0000, 3.085949e-20
       629.0000, 3.075538e-20
       631.0000, 3.062485e-20
       633.0000, 3.053938e-20
       635.0000, 3.023015e-20
       637.0000, 3.019829e-20
       639.0000, 3.022238e-20
       641.0000, 3.009262e-20
       643.0000, 2.999628e-20
       645.0000, 2.976475e-20
       647.0000, 2.970803e-20
       649.0000, 2.948426e-20
       651.0000, 2.917580e-20
       653.0000, 2.830638e-20
       655.0000, 2.437183e-20
       657.0000, 1.976521e-20
       659.0000, 2.707023e-20
       661.0000, 2.851538e-20
       663.0000, 2.878577e-20
       665.0000, 2.881763e-20
       667.0000, 2.877489e-20
       669.0000, 2.873993e-20
       671.0000, 2.867311e-20
       673.0000, 2.856278e-20
       675.0000, 2.848431e-20
       677.0000, 2.840506e-20
       679.0000, 2.831104e-20
       681.0000, 2.821936e-20
       683.0000, 2.812069e-20
       685.0000, 2.803289e-20
       687.0000, 2.794742e-20
       689.0000, 2.785963e-20
       691.0000, 2.776950e-20
       693.0000, 2.767704e-20
       695.0000, 2.758925e-20
       697.0000, 2.749989e-20
       699.0000, 2.741909e-20
       701.0000, 2.730177e-20
       703.0000, 2.723417e-20
       705.0000, 2.714948e-20
       707.0000, 2.706945e-20
       709.0000, 2.698943e-20
       711.0000, 2.680063e-20
       713.0000, 2.679907e-20
       715.0000, 2.671671e-20
       717.0000, 2.664212e-20
       719.0000, 2.655744e-20
       721.0000, 2.647741e-20
       723.0000, 2.638650e-20
       725.0000, 2.629793e-20
       727.0000, 2.623189e-20
       729.0000, 2.614176e-20
       731.0000, 2.605785e-20
       733.0000, 2.598636e-20
       735.0000, 2.591022e-20
       737.0000, 2.583175e-20
       739.0000, 2.574628e-20
       741.0000, 2.561187e-20
       743.0000, 2.555127e-20
       745.0000, 2.548678e-20
       747.0000, 2.537256e-20
       749.0000, 2.532517e-20
       751.0000, 2.526301e-20
       753.0000, 2.519697e-20
       755.0000, 2.512782e-20
       757.0000, 2.504857e-20
       759.0000, 2.497398e-20
       761.0000, 2.489939e-20
       763.0000, 2.482169e-20
       765.0000, 2.474167e-20
       767.0000, 2.466086e-20
       769.0000, 2.459404e-20
       771.0000, 2.450547e-20
       773.0000, 2.445108e-20
       775.0000, 2.437572e-20
       777.0000, 2.390643e-20
       779.0000, 2.423276e-20
       781.0000, 2.416050e-20
       783.0000, 2.408047e-20
       785.0000, 2.399423e-20
       787.0000, 2.387457e-20
       789.0000, 2.377823e-20
       791.0000, 2.378134e-20
       793.0000, 2.372307e-20
       795.0000, 2.360575e-20
       797.0000, 2.359409e-20
       799.0000, 2.338820e-20
       801.0000, 2.345501e-20
       803.0000, 2.338586e-20
       805.0000, 2.331827e-20
       807.0000, 2.324834e-20
       809.0000, 2.318152e-20
       811.0000, 2.311393e-20
       813.0000, 2.304711e-20
       815.0000, 2.298029e-20
       817.0000, 2.291347e-20
       819.0000, 2.282256e-20
       821.0000, 2.286918e-20
       823.0000, 2.281480e-20
       825.0000, 2.276585e-20
       827.0000, 2.274487e-20
       829.0000, 2.267650e-20
       831.0000, 2.259025e-20
       833.0000, 2.239756e-20
       835.0000, 2.220332e-20
       837.0000, 2.203162e-20
       839.0000, 2.169597e-20
       841.0000, 2.139528e-20
       843.0000, 2.122668e-20
       845.0000, 2.121269e-20
       847.0000, 2.053285e-20
       849.0000, 2.144500e-20
       851.0000, 2.013815e-20
       853.0000, 2.189098e-20
       855.0000, 1.918948e-20
       857.0000, 2.264542e-20
       859.0000, 2.042019e-20
       861.0000, 1.997654e-20
       863.0000, 2.338431e-20
       865.0000, 2.185369e-20
       867.0000, 1.802869e-20
       869.0000, 2.276973e-20
       871.0000, 2.405561e-20
       873.0000, 2.263143e-20
       875.0000, 1.765963e-20
       877.0000, 2.148075e-20
       879.0000, 2.399578e-20
       881.0000, 2.437960e-20
       883.0000, 2.367723e-20
       885.0000, 2.065328e-20
       887.0000, 1.747782e-20
       889.0000, 2.249158e-20
       891.0000, 2.397480e-20
       893.0000, 2.428559e-20
       895.0000, 2.430579e-20
       897.0000, 2.388079e-20
       899.0000, 2.245584e-20
       901.0000, 1.763555e-20
       903.0000, 1.939226e-20
       905.0000, 2.283266e-20
       907.0000, 2.359176e-20
       909.0000, 2.367878e-20
       911.0000, 2.389167e-20
       913.0000, 2.389788e-20
       915.0000, 2.377746e-20
       917.0000, 2.351251e-20
       919.0000, 2.287074e-20
       921.0000, 2.088870e-20
       923.0000, 1.622147e-20
       925.0000, 2.019798e-20
       927.0000, 2.225460e-20
       929.0000, 2.307275e-20
       931.0000, 2.322659e-20
       933.0000, 2.324135e-20
       935.0000, 2.321338e-20
       937.0000, 2.316055e-20
       939.0000, 2.306342e-20
       941.0000, 2.286297e-20
       943.0000, 2.291891e-20
       945.0000, 2.280936e-20
       947.0000, 2.264620e-20
       949.0000, 2.235328e-20
       951.0000, 2.163847e-20
       953.0000, 1.944821e-20
       955.0000, 1.566594e-20
       957.0000, 1.983514e-20
       959.0000, 2.155223e-20
       961.0000, 2.199587e-20
       963.0000, 2.204871e-20
       965.0000, 2.215904e-20
       967.0000, 2.204948e-20
       969.0000, 2.208522e-20
       971.0000, 2.207124e-20
       973.0000, 2.200986e-20
       975.0000, 2.193993e-20
       977.0000, 2.188244e-20
       979.0000, 2.181717e-20
       981.0000, 2.175035e-20
       983.0000, 2.168043e-20
       985.0000, 2.160817e-20
       987.0000, 2.154601e-20
       989.0000, 2.141470e-20
       991.0000, 2.137120e-20
       993.0000, 2.127563e-20
       995.0000, 2.118162e-20
       997.0000, 2.104099e-20
       999.0000, 2.079235e-20
       1002.500, 1.868367e-20
       1007.500, 1.791215e-20
       1012.500, 2.041941e-20
       1017.500, 2.053906e-20
       1022.500, 2.046758e-20
       1027.500, 2.032618e-20
       1032.500, 2.017778e-20
       1037.500, 2.003637e-20
       1042.500, 1.989574e-20
       1047.500, 1.971859e-20
       1052.500, 1.958884e-20
       1057.500, 1.946608e-20
       1062.500, 1.933632e-20
       1067.500, 1.904419e-20
       1072.500, 1.898980e-20
       1077.500, 1.888569e-20
       1082.500, 1.868989e-20
       1087.500, 1.826722e-20
       1092.500, 1.535438e-20
       1097.500, 1.694172e-20
       1102.500, 1.809784e-20
       1107.500, 1.812504e-20
       1112.500, 1.805355e-20
       1117.500, 1.794245e-20
       1122.500, 1.782590e-20
       1127.500, 1.757494e-20
       1132.500, 1.747161e-20
       1137.500, 1.745995e-20
       1142.500, 1.733719e-20
       1147.500, 1.724240e-20
       1152.500, 1.713285e-20
       1157.500, 1.701786e-20
       1162.500, 1.686324e-20
       1167.500, 1.670941e-20
       1172.500, 1.668920e-20
       1177.500, 1.644835e-20
       1182.500, 1.642659e-20
       1187.500, 1.629994e-20
       1192.500, 1.626654e-20
       1197.500, 1.611891e-20
       1202.500, 1.605287e-20
       1207.500, 1.593477e-20
       1212.500, 1.584231e-20
       1217.500, 1.575218e-20
       1222.500, 1.565040e-20
       1227.500, 1.554318e-20
       1232.500, 1.544995e-20
       1237.500, 1.535904e-20
       1242.500, 1.527124e-20
       1247.500, 1.515548e-20
       1252.500, 1.507933e-20
       1257.500, 1.495269e-20
       1262.500, 1.486645e-20
       1267.500, 1.475378e-20
       1272.500, 1.457664e-20
       1277.500, 1.397060e-20
       1282.500, 1.205228e-20
       1287.500, 1.396050e-20
       1292.500, 1.425420e-20
       1297.500, 1.423633e-20
       1302.500, 1.419126e-20
       1307.500, 1.410890e-20
       1312.500, 1.402421e-20
       1317.500, 1.392166e-20
       1322.500, 1.385950e-20
       1327.500, 1.377869e-20
       1332.500, 1.369789e-20
       1337.500, 1.361708e-20
       1342.500, 1.353706e-20
       1347.500, 1.345470e-20
       1352.500, 1.336923e-20
       1357.500, 1.329465e-20
       1362.500, 1.322239e-20
       1367.500, 1.314158e-20
       1372.500, 1.304524e-20
       1377.500, 1.299551e-20
       1382.500, 1.292092e-20
       1387.500, 1.285178e-20
       1392.500, 1.277097e-20
       1397.500, 1.270415e-20
       1402.500, 1.263345e-20
       1407.500, 1.256274e-20
       1412.500, 1.249049e-20
       1417.500, 1.242134e-20
       1422.500, 1.235141e-20
       1427.500, 1.228226e-20
       1432.500, 1.221389e-20
       1437.500, 1.214784e-20
       1442.500, 1.201576e-20
       1447.500, 1.201265e-20
       1452.500, 1.191087e-20
       1457.000, 1.188678e-20
       1462.000, 1.183551e-20
       1467.500, 1.177723e-20
       1472.500, 1.171585e-20
       1477.500, 1.163971e-20
       1482.500, 1.159076e-20
       1487.500, 1.151229e-20
       1492.500, 1.146722e-20
       1497.500, 1.137865e-20
       1502.500, 1.129474e-20
       1507.500, 1.120150e-20
       1512.500, 1.112070e-20
       1517.500, 1.101503e-20
       1522.500, 1.093966e-20
       1527.500, 1.084021e-20
       1532.500, 1.074542e-20
       1537.500, 1.077029e-20
       1542.500, 1.053797e-20
       1547.500, 1.066695e-20
       1552.500, 1.059314e-20
       1557.500, 1.024040e-20
       1562.500, 1.075863e-20
       1567.500, 1.029556e-20
       1572.500, 1.003683e-20
       1577.500, 1.068093e-20
       1582.500, 1.055196e-20
       1587.500, 9.564437e-21
       1592.500, 1.022097e-20
       1597.500, 1.064209e-20
       1605.000, 1.027148e-20
       1615.000, 9.717499e-21
       1625.000, 1.039035e-20
       1635.000, 9.906300e-21
       1645.000, 9.395836e-21
       1655.000, 1.010443e-20
       1665.000, 1.001818e-20
       1675.000, 9.493734e-21
       1685.000, 8.994145e-21
       1695.000, 9.708175e-21
       1705.000, 9.651457e-21
       1715.000, 9.555114e-21
       1725.000, 9.369419e-21
       1735.000, 8.362473e-21
       1745.000, 9.056302e-21
       1755.000, 9.167408e-21
       1765.000, 9.105251e-21
       1775.000, 9.026001e-21
       1785.000, 8.936649e-21
       1795.000, 8.844967e-21
       1805.000, 8.680252e-21
       1815.000, 7.831805e-21
       1825.000, 8.295654e-21
       1835.000, 8.489118e-21
       1845.000, 8.430068e-21
       1855.000, 8.337610e-21
       1865.000, 8.181439e-21
       1875.000, 7.360576e-21
       1885.000, 7.997298e-21
       1895.000, 8.033816e-21
       1905.000, 7.990306e-21
       1915.000, 7.917271e-21
       1925.000, 7.821705e-21
       1935.000, 7.649375e-21
       1945.000, 6.891678e-21
       1955.000, 7.513950e-21
       1965.000, 7.552642e-21
       1975.000, 7.501129e-21
       1985.000, 7.438273e-21
       1995.000, 7.373318e-21
       2005.000, 7.309452e-21
       2015.000, 7.246206e-21
       2025.000, 7.183351e-21
       2035.000, 7.121349e-21
       2045.000, 7.061134e-21
       2055.000, 7.000919e-21
       2065.000, 6.940394e-21
       2075.000, 6.882433e-21
       2085.000, 6.825092e-21
       2095.000, 6.767674e-21
       2105.000, 6.710723e-21
       2115.000, 6.650896e-21
       2125.000, 6.595654e-21
       2135.000, 6.542355e-21
       2145.000, 6.474137e-21
       2155.000, 6.351221e-21
       2165.000, 5.763758e-21
       2175.000, 6.197615e-21
       2185.000, 6.261326e-21
       2195.000, 6.234288e-21
       2205.000, 6.183708e-21
       2215.000, 6.131807e-21
       2225.000, 6.086587e-21
       2235.000, 6.038492e-21
       2245.000, 5.991020e-21
       2255.000, 5.943004e-21
       2265.000, 5.897552e-21
       2275.000, 5.851555e-21
       2285.000, 5.809832e-21
       2295.000, 5.765778e-21
       2305.000, 5.722812e-21
       2315.000, 5.679768e-21
       2325.000, 5.637502e-21
       2335.000, 5.595001e-21
       2345.000, 5.552967e-21
       2355.000, 5.509924e-21
       2365.000, 5.466336e-21
       2375.000, 5.420029e-21
       2385.000, 5.375354e-21
       2395.000, 5.329357e-21
       2405.000, 5.284759e-21
       2415.000, 5.237598e-21
       2425.000, 5.194709e-21
       2435.000, 5.154540e-21
       2445.000, 5.103571e-21
       2455.000, 5.083370e-21
       2465.000, 5.023544e-21
       2475.000, 4.994019e-21
       2485.000, 4.995495e-21
       2495.000, 4.860692e-21
       2505.000, 5.003887e-21
       2515.000, 4.917877e-21
       2525.000, 4.722081e-21
       2535.000, 4.818269e-21
       2545.000, 4.836295e-21
       2555.000, 4.744847e-21
       2565.000, 4.542680e-21
       2575.000, 4.699239e-21
       2585.000, 4.712991e-21
       2595.000, 4.671190e-21
       2605.000, 4.535532e-21
       2615.000, 4.332123e-21
       2625.000, 4.153654e-21
       2635.000, 4.456437e-21
       2645.000, 4.516730e-21
       2655.000, 4.490157e-21
       2665.000, 4.397776e-21
       2675.000, 4.127937e-21
       2685.000, 4.339426e-21
       2695.000, 4.378896e-21
       2705.000, 4.363978e-21
       2715.000, 4.341757e-21
       2725.000, 4.309513e-21
       2735.000, 4.268878e-21
       2745.000, 4.203302e-21
       2755.000, 3.926858e-21
       2765.000, 4.037575e-21
       2775.000, 4.142854e-21
       2785.000, 4.137881e-21
       2795.000, 4.118225e-21
       2805.000, 4.091419e-21
       2815.000, 4.064925e-21
       2825.000, 4.038508e-21
       2835.000, 4.012713e-21
       2845.000, 3.979458e-21
       2855.000, 3.936259e-21
       2865.000, 3.813499e-21
       2875.000, 3.594395e-21
       2885.000, 3.828572e-21
       2895.000, 3.846365e-21
       2905.000, 3.836963e-21
       2915.000, 3.811712e-21
       2925.000, 3.789646e-21
       2935.000, 3.766182e-21
       2945.000, 3.742795e-21
       2955.000, 3.719641e-21
       2965.000, 3.696643e-21
       2975.000, 3.673878e-21
       2985.000, 3.651346e-21
       2995.000, 3.628814e-21
       3005.000, 3.606127e-21
       3015.000, 3.573339e-21
       3025.000, 3.524235e-21
       3035.000, 3.302178e-21
       3045.000, 3.351516e-21
       3055.000, 3.469925e-21
       3065.000, 3.470624e-21
       3075.000, 3.457183e-21
       3085.000, 3.435661e-21
       3095.000, 3.416314e-21
       3105.000, 3.396036e-21
       3115.000, 3.375679e-21
       3125.000, 3.355633e-21
       3135.000, 3.336598e-21
       3145.000, 3.316474e-21
       3155.000, 3.297982e-21
       3165.000, 3.278947e-21
       3175.000, 3.259523e-21
       3185.000, 3.241109e-21
       3195.000, 3.222384e-21
       3210.000, 3.194646e-21
       3230.000, 3.158362e-21
       3250.000, 3.122544e-21
       3270.000, 3.077480e-21
       3290.000, 2.888444e-21
       3310.000, 2.958371e-21
       3330.000, 2.973988e-21
       3350.000, 2.945163e-21
       3370.000, 2.913074e-21
       3390.000, 2.882384e-21
       3410.000, 2.852005e-21
       3430.000, 2.821781e-21
       3450.000, 2.791868e-21
       3470.000, 2.762032e-21
       3490.000, 2.732352e-21
       3510.000, 2.702750e-21
       3530.000, 2.674080e-21
       3550.000, 2.645410e-21
       3570.000, 2.615730e-21
       3590.000, 2.591255e-21
       3610.000, 2.558934e-21
       3630.000, 2.539199e-21
       3650.000, 2.502837e-21
       3670.000, 2.492581e-21
       3690.000, 2.443476e-21
       3710.000, 2.437339e-21
       3730.000, 2.354203e-21
       3750.000, 2.292668e-21
       3770.000, 2.368966e-21
       3790.000, 2.354592e-21
       3810.000, 2.299583e-21
       3830.000, 2.282023e-21
       3850.000, 2.290026e-21
       3870.000, 2.269048e-21
       3890.000, 2.231909e-21
       3910.000, 2.165401e-21
       3930.000, 2.198577e-21
       3950.000, 2.188943e-21
       3970.000, 2.168975e-21
       3990.000, 2.147997e-21
       4010.000, 2.082732e-21
       4030.000, 2.050333e-21
       4050.000, 1.987398e-21
       4070.000, 2.054684e-21
       4090.000, 2.049478e-21
       4110.000, 2.032229e-21
       4130.000, 2.012028e-21
       4150.000, 1.980561e-21
       4170.000, 1.895716e-21
       4190.000, 1.943111e-21
       4210.000, 1.940858e-21
       4230.000, 1.925086e-21
       4250.000, 1.908070e-21
       4270.000, 1.891288e-21
       4290.000, 1.874661e-21
       4310.000, 1.858344e-21
       4330.000, 1.842028e-21
       4350.000, 1.818098e-21
       4370.000, 1.738381e-21
       4390.000, 1.763322e-21
       4410.000, 1.776453e-21
       4430.000, 1.764487e-21
       4450.000, 1.749492e-21
       4470.000, 1.742110e-21
       4490.000, 1.727348e-21
       4510.000, 1.712974e-21
       4530.000, 1.698600e-21
       4550.000, 1.684537e-21
       4570.000, 1.670474e-21
       4590.000, 1.656644e-21
       4610.000, 1.640794e-21
       4630.000, 1.617485e-21
       4650.000, 1.528367e-21
       4670.000, 1.516558e-21
       4690.000, 1.568692e-21
       4710.000, 1.573820e-21
       4730.000, 1.564963e-21
       4750.000, 1.552376e-21
       4770.000, 1.540100e-21
       4790.000, 1.527979e-21
       4810.000, 1.515936e-21
       4830.000, 1.504048e-21
       4850.000, 1.492239e-21
       4870.000, 1.480662e-21
       4890.000, 1.469163e-21
       4910.000, 1.457741e-21
       4930.000, 1.446553e-21
       4950.000, 1.435443e-21
       4970.000, 1.424487e-21
       4990.000, 1.413610e-21
       5010.000, 1.402888e-21
       5030.000, 1.392321e-21
       5050.000, 1.381832e-21
       5070.000, 1.371421e-21
       5090.000, 1.358989e-21
       5110.000, 1.335525e-21
       5130.000, 1.271581e-21
       5150.000, 1.319830e-21
       5170.000, 1.320141e-21
       5190.000, 1.311672e-21
       5210.000, 1.302038e-21
       5230.000, 1.292559e-21
       5250.000, 1.283235e-21
       5270.000, 1.273912e-21
       5290.000, 1.264743e-21
       5310.000, 1.255731e-21
       5330.000, 1.246718e-21
       5350.000, 1.237860e-21
       5370.000, 1.229003e-21
       5390.000, 1.220379e-21
       5410.000, 1.211754e-21
       5430.000, 1.203208e-21
       5450.000, 1.194816e-21
       5470.000, 1.186425e-21
       5490.000, 1.178189e-21
       5510.000, 1.170031e-21
       5530.000, 1.161951e-21
       5550.000, 1.153948e-21
       5570.000, 1.146023e-21
       5590.000, 1.138176e-21
       5610.000, 1.130484e-21
       5630.000, 1.122792e-21
       5650.000, 1.115178e-21
       5670.000, 1.107719e-21
       5690.000, 1.100260e-21
       5710.000, 1.092879e-21
       5730.000, 1.085575e-21
       5750.000, 1.078349e-21
       5770.000, 1.071201e-21
       5790.000, 1.064131e-21
       5810.000, 1.057138e-21
       5830.000, 1.050146e-21
       5850.000, 1.045562e-21
       5870.000, 1.036316e-21
       5890.000, 1.018601e-21
       5910.000, 9.716723e-22
       5930.000, 1.009510e-21
       5950.000, 1.010598e-21
       5970.000, 1.005626e-21
       5990.000, 9.991767e-22
       6010.000, 9.928057e-22
       6030.000, 9.865122e-22
       6050.000, 9.802188e-22
       6070.000, 9.740032e-22
       6090.000, 9.678650e-22
       6110.000, 9.618048e-22
       6130.000, 9.557444e-22
       6150.000, 9.497618e-22
       6170.000, 9.438569e-22
       6190.000, 9.380297e-22
       6210.000, 9.322024e-22
       6230.000, 9.264529e-22
       6250.000, 9.207810e-22
       6270.000, 9.151091e-22
       6290.000, 9.095150e-22
       6310.000, 9.039985e-22
       6330.000, 8.984821e-22
       6350.000, 8.930434e-22
       6370.000, 8.876822e-22
       6390.000, 8.823212e-22
       6420.000, 8.743962e-22
       6460.000, 8.639848e-22
       6500.000, 8.537290e-22
       6540.000, 8.437060e-22
       6580.000, 8.338386e-22
       6620.000, 8.241266e-22
       6660.000, 8.146476e-22
       6700.000, 8.052463e-22
       6740.000, 7.960781e-22
       6780.000, 7.869877e-22
       6820.000, 7.781302e-22
       6860.000, 7.693661e-22
       6900.000, 7.607729e-22
       6940.000, 7.523196e-22
       6980.000, 7.440138e-22
       7020.000, 7.358401e-22
       7060.000, 7.277907e-22
       7100.000, 7.198967e-22
       7140.000, 7.120960e-22
       7180.000, 7.044507e-22
       7220.000, 6.968753e-22
       7260.000, 6.894786e-22
       7300.000, 6.822062e-22
       7340.000, 6.750270e-22
       7380.000, 6.679489e-22
       7420.000, 6.589439e-22
       7460.000, 6.327291e-22
       7500.000, 6.258141e-22
       7540.000, 6.384009e-22
       7580.000, 6.343063e-22
       7620.000, 6.278885e-22
       7660.000, 6.215641e-22
       7700.000, 6.153329e-22
       7740.000, 6.091948e-22
       7780.000, 6.031500e-22
       7820.000, 5.971907e-22
       7860.000, 5.913246e-22
       7900.000, 5.855362e-22
       7940.000, 5.798334e-22
       7980.000, 5.742158e-22
       8020.000, 5.686838e-22
       8060.000, 5.632218e-22
       8100.000, 5.578452e-22
       8140.000, 5.525385e-22
       8180.000, 5.473096e-22
       8220.000, 5.421583e-22
       8260.000, 5.370770e-22
       8300.000, 5.320655e-22
       8340.000, 5.271163e-22
       8380.000, 5.222292e-22
       8420.000, 5.174352e-22
       8460.000, 5.127035e-22
       8500.000, 5.080262e-22
       8540.000, 5.034110e-22
       8580.000, 4.988580e-22
       8620.000, 4.943750e-22
       8660.000, 4.899463e-22
       8700.000, 4.855719e-22
       8740.000, 4.812598e-22
       8780.000, 4.770098e-22
       8820.000, 4.728064e-22
       8860.000, 4.686574e-22
       8900.000, 4.645706e-22
       8940.000, 4.605381e-22
       8980.000, 4.565523e-22
       9020.000, 4.526209e-22
       9060.000, 4.487360e-22
       9100.000, 4.448978e-22
       9140.000, 4.411140e-22
       9180.000, 4.373846e-22
       9220.000, 4.336940e-22
       9260.000, 4.300501e-22
       9300.000, 4.264527e-22
       9340.000, 4.229019e-22
       9380.000, 4.193900e-22
       9420.000, 4.159248e-22
       9460.000, 4.125061e-22
       9500.000, 4.091264e-22
       9540.000, 4.057777e-22
       9580.000, 4.024833e-22
       9620.000, 3.992278e-22
       9660.000, 3.960034e-22
       9700.000, 3.928256e-22
       9740.000, 3.896789e-22
       9780.000, 3.865788e-22
       9820.000, 3.835098e-22
       9860.000, 3.804719e-22
       9900.000, 3.774806e-22
       9940.000, 3.745203e-22
       9980.000, 3.715912e-22
       10020.00, 3.686931e-22
       20000.00, 9.425360e-23
       40000.00, 2.351950e-23
       60000.00, 1.038413e-23
       80000.00, 5.802529e-24
       100000.0, 3.691438e-24
       120000.0, 2.549765e-24
       140000.0, 1.864172e-24
       160000.0, 1.421069e-24
